Title_ES,Title_EN,Content_Preview,Image_File,URL,Repeated_Words
Opinión,Opinion,"La Generalitat de Salvador Illa ha tenido un evidente efecto estabilizador y está superando poco a poco la política de bloques
La Justicia europea pone trabas a los intentos de crear sistemas de deportación como el que busca Italia con Albania
La enorme cifra de operaciones de compraventa en la primera mitad del año se produce en un mercado inmobiliario disfuncional
El PP ampara el discurso discriminatorio de Vox en las instituciones públicas al rechazar desde un ayuntamiento una celebración mus",images/article_1.svg,https://elpais.com/opinion/editoriales/,
Un año normal en Cataluña,A normal year in Catalonia,"Salvador Illa ha salido a correr casi cada mañana en este primer año como presidente de la Generalitat y ha divulgado sus marcas personales. Su política también ha estado marcada por carreras de fondo, pero a sabiendas de que necesitaba marcar el ritmo desde el primer momento. La razón es que la difícil estabilidad de su Gobierno, del que hoy se cumple un año, no solo se juega en el Parlament, sino que la consolidación de su mandato pasa también por la aprobación en Madrid de algunos acuerdos de",images/article_2.svg,https://elpais.com/opinion/2025-08-08/un-ano-normal-en-cataluna.html,
Límites a la externalización migratoria,Limits to migration externalization,"El Tribunal de Justicia de la Unión Europea ha asestado un duro golpe a los intentos del Gobierno italiano de internar sistemáticamente a migrantes en Albania. El tribunal considera que no basta con calificar como “seguro” un país para devolver a un inmigrante al mismo. Para hacerlo, cualquier medida debe respetar, por encima de todo, los derechos humanos y permanecer sujeta al escrutinio judicial. La sentencia entorpece la maquinaria de deportación e internamiento que trata de poner en marcha G",images/article_3.svg,https://elpais.com/opinion/2025-08-08/limites-a-la-externalizacion-migratoria.html,
Opinión,Opinion,"Lo que debería soliviantarnos, en realidad, es que los partidos cada vez premien más a quienes repiten sus relatos prefabricados sin pestañear
Los sectores populares necesitan políticas nacionales de industria, vivienda, empleo y comercio que apuesten por un nuevo mundo que reemplace al actual
Los discursos sobre la desigualdad apenas edulcoran la certeza brutal de que cada día más ciudadanos tienen muy limitados sus derechos
Cómo es posible que el mismo pueblo que lleva un holocausto en su memo",images/article_4.svg,https://elpais.com/opinion/tribunas/,
Palmeros y muñecos rotos en política,Palmeros and broken dolls in politics,"El escándalo por los falsos títulos de los políticos es un trampantojo. Es sabido que en política demasiado a menudo se asciende por hacer la pelota, callar debidamente o tener un núcleo leal. Maquillar el currículum quizás solo les sirva a algunos para aliviarse ese sonrojo. Lo que debería soliviantarnos, en realidad, es cómo se está degradando el hech...
o de tener a académicos, altos funcionarios o profesionales de prestigio en las instituciones, si los partidos cada vez premian más a quienes",images/article_5.svg,https://elpais.com/opinion/2025-08-08/palmeros-y-munecos-rotos-en-politica.html,
